{
  "logit_softcap": 35.371694994467724,
  "matrix_lr": 0.015857360765771905,
  "mlp_mult": 2,
  "model_dim": 256,
  "muon_momentum": 0.9303664043299594,
  "num_heads": 8,
  "num_kv_heads": 4,
  "num_layers": 10,
  "rope_base": 89385.38635757184,
  "scalar_lr": 0.0052587802968903485,
  "tied_embed_lr": 0.014083287435836011,
  "train_seq_len": 2048,
  "warmdown_iters": 1715,
  "warmup_steps": 47
}